id,label
0,reformasi
1,sdm
2,sdm
3,pekerjaan
4,reformasi
5,reformasi
6,reformasi
7,ideologi
8,sdm
9,reformasi
10,ideologi
11,pekerjaan
12,hilirisasi
13,pekerjaan
14,reformasi
15,reformasi
16,ideologi
17,sdm
18,reformasi
19,ideologi
20,pekerjaan
21,pemerataan
22,pekerjaan
23,harmoni
24,pertahanan
25,sdm
26,reformasi
27,reformasi
28,ideologi
29,pekerjaan
30,pekerjaan
31,sdm
32,sdm
33,pemerataan
34,reformasi
35,hilirisasi
36,sdm
37,reformasi
38,sdm
39,sdm
40,sdm
41,reformasi
42,pertahanan
43,ideologi
44,reformasi
45,reformasi
46,pertahanan
47,pemerataan
48,ideologi
49,reformasi
50,pekerjaan
51,ideologi
52,pertahanan
53,pertahanan
54,reformasi
55,pekerjaan
56,sdm
57,reformasi
58,pertahanan
59,reformasi
60,reformasi
61,pertahanan
62,hilirisasi
63,hilirisasi
64,reformasi
65,pertahanan
66,sdm
67,reformasi
68,pekerjaan
69,pekerjaan
70,reformasi
71,reformasi
72,reformasi
73,pemerataan
74,ideologi
75,pekerjaan
76,ideologi
77,reformasi
78,hilirisasi
79,ideologi
80,ideologi
81,reformasi
82,pertahanan
83,reformasi
84,pemerataan
85,reformasi
86,pekerjaan
87,pekerjaan
88,reformasi
89,reformasi
90,pemerataan
91,reformasi
92,reformasi
93,reformasi
94,ideologi
95,reformasi
96,pertahanan
97,pertahanan
98,reformasi
99,hilirisasi
100,pertahanan
101,pemerataan
102,reformasi
103,reformasi
104,sdm
105,pemerataan
106,pertahanan
107,sdm
108,sdm
109,pekerjaan
110,reformasi
111,pertahanan
112,ideologi
113,pertahanan
114,sdm
115,reformasi
116,reformasi
117,pemerataan
118,pemerataan
119,pertahanan
120,reformasi
121,sdm
122,reformasi
123,pertahanan
124,pertahanan
125,reformasi
126,sdm
127,reformasi
128,sdm
129,sdm
130,pemerataan
131,ideologi
132,pemerataan
133,pekerjaan
134,pertahanan
135,reformasi
136,reformasi
137,pertahanan
138,ideologi
139,pertahanan
140,reformasi
141,pemerataan
142,ideologi
143,sdm
144,reformasi
145,sdm
146,pekerjaan
147,reformasi
148,sdm
149,reformasi
150,ideologi
151,reformasi
152,ideologi
153,ideologi
154,sdm
155,pekerjaan
156,sdm
157,pertahanan
158,reformasi
159,reformasi
160,ideologi
161,sdm
162,sdm
163,sdm
164,sdm
165,sdm
166,pertahanan
167,pekerjaan
168,reformasi
169,reformasi
170,pertahanan
171,reformasi
172,ideologi
173,ideologi
174,ideologi
175,reformasi
176,pertahanan
177,reformasi
178,reformasi
179,hilirisasi
180,pertahanan
181,pertahanan
182,pemerataan
183,pekerjaan
184,sdm
185,reformasi
186,reformasi
187,pertahanan
188,reformasi
189,hilirisasi
190,sdm
191,ideologi
192,sdm
193,ideologi
194,reformasi
195,sdm
196,reformasi
197,pekerjaan
198,pemerataan
199,hilirisasi
200,reformasi
201,reformasi
202,hilirisasi
203,sdm
204,hilirisasi
205,ideologi
206,pertahanan
207,pertahanan
208,ideologi
209,ideologi
210,sdm
211,reformasi
212,ideologi
213,reformasi
214,ideologi
215,pekerjaan
216,ideologi
217,ideologi
218,pemerataan
219,reformasi
220,reformasi
221,reformasi
222,pertahanan
223,sdm
224,reformasi
225,ideologi
226,harmoni
227,hilirisasi
228,hilirisasi
229,sdm
230,reformasi
231,ideologi
232,sdm
233,reformasi
234,pertahanan
235,reformasi
236,reformasi
237,pemerataan
238,reformasi
239,reformasi
240,ideologi
241,harmoni
242,pertahanan
243,ideologi
244,reformasi
245,ideologi
246,reformasi
247,sdm
248,reformasi
249,hilirisasi
250,sdm
251,sdm
252,reformasi
253,hilirisasi
254,reformasi
255,pekerjaan
256,ideologi
257,pertahanan
258,pertahanan
259,reformasi
260,sdm
261,pertahanan
262,pertahanan
263,pertahanan
264,pertahanan
265,reformasi
266,sdm
267,pertahanan
268,harmoni
269,pertahanan
270,reformasi
271,pemerataan
272,pertahanan
273,pekerjaan
274,reformasi
275,pertahanan
276,sdm
277,pekerjaan
278,pekerjaan
279,pekerjaan
280,reformasi
281,pertahanan
282,pertahanan
283,sdm
284,reformasi
285,pekerjaan
286,pertahanan
287,sdm
288,reformasi
289,pekerjaan
290,hilirisasi
291,pemerataan
292,sdm
293,pertahanan
294,sdm
295,reformasi
296,pertahanan
297,harmoni
298,pemerataan
299,reformasi
300,reformasi
301,reformasi
302,reformasi
303,reformasi
304,pertahanan
305,pertahanan
306,pertahanan
307,reformasi
308,ideologi
309,harmoni
310,sdm
311,pekerjaan
312,reformasi
313,pekerjaan
314,reformasi
315,sdm
316,reformasi
317,pertahanan
318,pekerjaan
319,sdm
320,pertahanan
321,harmoni
322,sdm
323,ideologi
324,sdm
325,harmoni
326,ideologi
327,pertahanan
328,reformasi
329,reformasi
330,ideologi
331,sdm
332,ideologi
333,pertahanan
334,hilirisasi
335,reformasi
336,pertahanan
337,pemerataan
338,reformasi
339,sdm
340,sdm
341,pertahanan
342,reformasi
343,pekerjaan
344,pekerjaan
345,pertahanan
346,reformasi
347,reformasi
348,sdm
349,reformasi
350,pekerjaan
351,reformasi
352,pekerjaan
353,pekerjaan
354,pemerataan
355,pekerjaan
356,reformasi
357,sdm
358,reformasi
359,reformasi
360,sdm
361,pemerataan
362,pertahanan
363,ideologi
364,ideologi
365,pemerataan
366,sdm
367,pertahanan
368,pertahanan
369,harmoni
370,sdm
371,reformasi
372,pertahanan
373,ideologi
374,sdm
375,pertahanan
376,reformasi
377,pertahanan
378,harmoni
379,ideologi
380,sdm
381,harmoni
382,harmoni
383,reformasi
384,pertahanan
385,reformasi
386,sdm
387,reformasi
388,reformasi
389,pemerataan
390,sdm
391,pertahanan
392,reformasi
393,sdm
394,reformasi
395,pertahanan
396,sdm
397,hilirisasi
398,reformasi
399,pemerataan
400,sdm
401,harmoni
402,reformasi
403,reformasi
404,pekerjaan
405,pemerataan
406,ideologi
407,harmoni
408,pemerataan
409,reformasi
410,ideologi
411,reformasi
412,reformasi
413,pekerjaan
414,ideologi
415,ideologi
416,hilirisasi
417,sdm
418,reformasi
419,hilirisasi
420,pertahanan
421,ideologi
422,pertahanan
423,sdm
424,hilirisasi
425,pekerjaan
426,pemerataan
427,harmoni
428,reformasi
429,pertahanan
430,pertahanan
431,reformasi
432,reformasi
433,pertahanan
434,ideologi
435,reformasi
436,harmoni
437,reformasi
438,pertahanan
439,ideologi
440,pertahanan
441,ideologi
442,hilirisasi
443,sdm
444,pemerataan
445,pertahanan
446,reformasi
447,reformasi
448,ideologi
449,pertahanan
450,reformasi
451,harmoni
452,pertahanan
453,sdm
454,sdm
455,reformasi
456,ideologi
457,pekerjaan
458,pertahanan
459,sdm
460,sdm
461,pertahanan
462,sdm
463,sdm
464,harmoni
465,reformasi
466,reformasi
467,pertahanan
468,pekerjaan
469,pemerataan
470,reformasi
471,reformasi
472,ideologi
473,pekerjaan
474,pertahanan
475,pemerataan
476,reformasi
477,pekerjaan
478,sdm
479,pertahanan
480,pertahanan
481,pemerataan
482,pemerataan
483,sdm
484,ideologi
485,harmoni
486,ideologi
487,reformasi
488,harmoni
489,sdm
490,sdm
491,pekerjaan
492,ideologi
493,pekerjaan
494,ideologi
495,ideologi
496,hilirisasi
497,pemerataan
498,hilirisasi
499,reformasi
500,reformasi
501,pertahanan
502,pekerjaan
503,reformasi
504,pertahanan
505,ideologi
506,reformasi
507,reformasi
508,ideologi
509,pertahanan
510,reformasi
511,hilirisasi
512,reformasi
513,pekerjaan
514,reformasi
515,reformasi
516,reformasi
517,pertahanan
518,reformasi
519,ideologi
520,ideologi
521,reformasi
522,ideologi
523,pemerataan
524,ideologi
525,reformasi
526,reformasi
527,sdm
528,pertahanan
529,pertahanan
530,hilirisasi
531,sdm
532,ideologi
533,reformasi
534,pertahanan
535,reformasi
536,reformasi
537,reformasi
538,ideologi
539,reformasi
540,pertahanan
541,harmoni
542,reformasi
543,reformasi
544,reformasi
545,pertahanan
546,reformasi
547,pekerjaan
548,reformasi
549,reformasi
550,pekerjaan
551,sdm
552,hilirisasi
553,pemerataan
554,ideologi
555,sdm
556,sdm
557,reformasi
558,pertahanan
559,pekerjaan
560,reformasi
561,ideologi
562,pertahanan
563,ideologi
564,reformasi
565,sdm
566,hilirisasi
567,reformasi
568,ideologi
569,hilirisasi
570,reformasi
571,ideologi
572,sdm
573,pemerataan
574,reformasi
575,reformasi
576,reformasi
577,sdm
578,sdm
579,pertahanan
580,reformasi
581,reformasi
582,pertahanan
583,sdm
584,pertahanan
585,sdm
586,reformasi
587,pertahanan
588,pekerjaan
589,reformasi
590,reformasi
591,harmoni
592,pertahanan
593,reformasi
594,reformasi
595,ideologi
596,harmoni
597,reformasi
598,pertahanan
599,reformasi
600,reformasi
601,harmoni
602,reformasi
603,sdm
604,reformasi
605,pertahanan
606,reformasi
607,ideologi
608,pemerataan
609,reformasi
610,sdm
611,pertahanan
612,reformasi
613,harmoni
614,reformasi
615,hilirisasi
616,ideologi
617,pemerataan
618,ideologi
619,pertahanan
620,reformasi
621,pekerjaan
622,sdm
623,pertahanan
624,reformasi
625,reformasi
626,pemerataan
627,ideologi
628,ideologi
629,hilirisasi
630,ideologi
631,sdm
632,ideologi
633,sdm
634,sdm
635,ideologi
636,sdm
637,pemerataan
638,harmoni
639,ideologi
640,hilirisasi
641,sdm
642,ideologi
643,reformasi
644,sdm
645,reformasi
646,pemerataan
647,reformasi
648,pertahanan
649,pertahanan
650,reformasi
651,pekerjaan
652,reformasi
653,reformasi
654,reformasi
655,ideologi
656,reformasi
657,pertahanan
658,sdm
659,pemerataan
660,pekerjaan
661,reformasi
662,harmoni
663,ideologi
664,reformasi
665,reformasi
666,ideologi
667,hilirisasi
668,ideologi
669,pemerataan
670,reformasi
671,hilirisasi
672,pemerataan
673,pemerataan
674,pertahanan
675,reformasi
676,pertahanan
677,hilirisasi
678,pertahanan
679,hilirisasi
680,sdm
681,pemerataan
682,pemerataan
683,sdm
684,sdm
685,pemerataan
686,pekerjaan
687,pertahanan
688,sdm
689,pemerataan
690,reformasi
691,pertahanan
692,pertahanan
693,harmoni
694,ideologi
695,reformasi
696,pemerataan
697,pemerataan
698,reformasi
699,pemerataan
700,reformasi
701,reformasi
702,reformasi
703,ideologi
704,reformasi
705,ideologi
706,ideologi
707,sdm
708,pekerjaan
709,pertahanan
710,harmoni
711,hilirisasi
712,ideologi
713,pemerataan
714,ideologi
715,sdm
716,pertahanan
717,reformasi
718,reformasi
719,reformasi
720,sdm
721,harmoni
722,sdm
723,pertahanan
724,ideologi
725,pekerjaan
726,pemerataan
727,harmoni
728,pemerataan
729,reformasi
730,pemerataan
731,reformasi
732,sdm
733,sdm
734,reformasi
735,ideologi
736,pertahanan
737,pekerjaan
738,reformasi
739,hilirisasi
740,reformasi
741,pertahanan
742,ideologi
743,reformasi
744,pemerataan
745,ideologi
746,ideologi
747,ideologi
748,hilirisasi
749,pekerjaan
750,hilirisasi
751,pemerataan
752,sdm
753,pertahanan
754,reformasi
755,hilirisasi
756,hilirisasi
757,pertahanan
758,ideologi
759,reformasi
760,reformasi
761,ideologi
762,pekerjaan
763,reformasi
764,ideologi
765,hilirisasi
766,reformasi
767,sdm
768,ideologi
769,pekerjaan
770,reformasi
771,ideologi
772,pekerjaan
773,sdm
774,sdm
775,ideologi
776,reformasi
777,reformasi
778,ideologi
779,ideologi
780,reformasi
781,pemerataan
782,sdm
783,pertahanan
784,reformasi
785,sdm
786,reformasi
787,ideologi
788,sdm
789,pekerjaan
790,ideologi
791,pertahanan
792,reformasi
793,reformasi
794,ideologi
795,pertahanan
796,pertahanan
797,hilirisasi
798,hilirisasi
799,pemerataan
800,sdm
801,hilirisasi
802,sdm
803,pemerataan
804,pertahanan
805,sdm
806,hilirisasi
807,ideologi
808,reformasi
809,pertahanan
810,reformasi
811,reformasi
812,sdm
813,pekerjaan
814,ideologi
815,ideologi
816,hilirisasi
817,reformasi
818,sdm
819,pekerjaan
820,pertahanan
821,sdm
822,pemerataan
823,reformasi
824,pertahanan
825,pemerataan
826,reformasi
827,pekerjaan
828,reformasi
829,pekerjaan
830,reformasi
831,reformasi
832,sdm
833,ideologi
834,reformasi
835,reformasi
836,reformasi
837,reformasi
838,sdm
839,pekerjaan
840,pekerjaan
841,reformasi
842,reformasi
843,reformasi
844,ideologi
845,ideologi
846,ideologi
847,pekerjaan
848,sdm
849,harmoni
850,sdm
851,sdm
852,pekerjaan
853,pertahanan
854,ideologi
855,sdm
856,ideologi
857,hilirisasi
858,reformasi
859,pekerjaan
860,pemerataan
861,sdm
862,sdm
863,reformasi
864,pertahanan
865,reformasi
866,pertahanan
867,ideologi
868,pekerjaan
869,sdm
870,ideologi
871,harmoni
872,reformasi
873,hilirisasi
874,reformasi
875,reformasi
876,sdm
877,reformasi
878,harmoni
879,reformasi
880,pertahanan
881,reformasi
882,sdm
883,pekerjaan
884,pekerjaan
885,harmoni
886,pertahanan
887,pekerjaan
888,ideologi
889,ideologi
890,sdm
891,sdm
892,ideologi
893,sdm
894,pemerataan
895,hilirisasi
896,sdm
897,ideologi
898,ideologi
899,pertahanan
900,pertahanan
901,pertahanan
902,sdm
903,hilirisasi
904,hilirisasi
905,sdm
906,pekerjaan
907,ideologi
908,pemerataan
909,pekerjaan
910,sdm
911,pekerjaan
912,pertahanan
913,pemerataan
914,ideologi
915,pemerataan
916,ideologi
917,reformasi
918,ideologi
919,pertahanan
920,reformasi
921,ideologi
922,reformasi
923,pekerjaan
924,sdm
925,pemerataan
926,pekerjaan
927,pemerataan
928,sdm
929,sdm
930,pemerataan
931,pekerjaan
932,ideologi
933,pertahanan
934,harmoni
935,sdm
936,pertahanan
937,pertahanan
938,sdm
939,pekerjaan
940,pertahanan
941,sdm
942,hilirisasi
943,pekerjaan
944,pertahanan
945,pekerjaan
946,ideologi
947,reformasi
948,pemerataan
949,reformasi
950,ideologi
951,pekerjaan
952,pertahanan
953,ideologi
954,reformasi
955,pertahanan
956,pekerjaan
957,reformasi
958,ideologi
959,pertahanan
960,sdm
961,reformasi
962,pertahanan
963,harmoni
964,pemerataan
965,ideologi
966,pemerataan
967,ideologi
968,sdm
969,ideologi
970,reformasi
971,pekerjaan
972,reformasi
973,sdm
974,sdm
975,reformasi
976,ideologi
977,harmoni
978,hilirisasi
979,harmoni
980,reformasi
981,sdm
982,sdm
983,pertahanan
984,ideologi
985,ideologi
986,reformasi
987,ideologi
988,pekerjaan
989,reformasi
990,hilirisasi
991,reformasi
992,sdm
993,pertahanan
994,ideologi
995,hilirisasi
996,reformasi
997,reformasi
998,ideologi
999,pekerjaan
1000,pekerjaan
1001,pertahanan
1002,sdm
1003,pertahanan
1004,sdm
1005,pertahanan
1006,sdm
1007,reformasi
1008,reformasi
1009,hilirisasi
1010,reformasi
1011,pekerjaan
1012,reformasi
1013,pertahanan
1014,reformasi
1015,sdm
1016,reformasi
1017,ideologi
1018,ideologi
1019,pemerataan
1020,pertahanan
1021,sdm
1022,harmoni
1023,reformasi
1024,reformasi
1025,reformasi
1026,pertahanan
1027,hilirisasi
1028,ideologi
1029,reformasi
1030,hilirisasi
1031,reformasi
1032,hilirisasi
1033,sdm
1034,sdm
1035,pemerataan
1036,harmoni
1037,reformasi
1038,reformasi
1039,hilirisasi
1040,reformasi
1041,ideologi
1042,reformasi
1043,hilirisasi
1044,harmoni
1045,pemerataan
1046,pertahanan
1047,pertahanan
1048,pemerataan
1049,sdm
1050,reformasi
1051,pekerjaan
1052,pertahanan
1053,ideologi
1054,harmoni
1055,pekerjaan
1056,ideologi
1057,pekerjaan
1058,reformasi
1059,ideologi
1060,pertahanan
1061,hilirisasi
1062,reformasi
1063,reformasi
1064,sdm
1065,pemerataan
1066,ideologi
1067,pertahanan
1068,ideologi
1069,pertahanan
1070,reformasi
1071,ideologi
1072,reformasi
1073,pertahanan
1074,reformasi
1075,pekerjaan
1076,reformasi
1077,ideologi
1078,sdm
1079,ideologi
1080,pertahanan
1081,reformasi
1082,reformasi
1083,pekerjaan
1084,reformasi
1085,sdm
1086,sdm
1087,ideologi
1088,ideologi
1089,hilirisasi
1090,reformasi
1091,pekerjaan
1092,reformasi
1093,reformasi
1094,pertahanan
1095,sdm
1096,pemerataan
1097,sdm
1098,pertahanan
1099,sdm
1100,reformasi
1101,reformasi
1102,sdm
1103,pertahanan
1104,reformasi
1105,pertahanan
1106,reformasi
1107,ideologi
1108,reformasi
1109,sdm
1110,reformasi
1111,pertahanan
1112,pertahanan
1113,pertahanan
1114,hilirisasi
1115,reformasi
1116,pertahanan
1117,pekerjaan
1118,sdm
1119,sdm
1120,ideologi
1121,reformasi
1122,sdm
1123,pekerjaan
1124,pekerjaan
1125,reformasi
1126,sdm
1127,ideologi
1128,reformasi
1129,hilirisasi
1130,reformasi
1131,reformasi
1132,pekerjaan
1133,harmoni
1134,sdm
1135,ideologi
1136,ideologi
1137,reformasi
1138,reformasi
1139,reformasi
1140,reformasi
1141,pemerataan
1142,sdm
1143,pertahanan
1144,ideologi
1145,reformasi
1146,sdm
1147,reformasi
1148,hilirisasi
1149,reformasi
1150,pertahanan
1151,pertahanan
1152,ideologi
1153,hilirisasi
1154,ideologi
1155,sdm
1156,ideologi
1157,reformasi
1158,pemerataan
1159,reformasi
1160,reformasi
1161,pekerjaan
1162,pekerjaan
1163,reformasi
1164,harmoni
1165,pemerataan
1166,ideologi
1167,reformasi
1168,pekerjaan
1169,reformasi
1170,pekerjaan
1171,pertahanan
1172,reformasi
1173,pertahanan
1174,hilirisasi
1175,reformasi
1176,ideologi
1177,hilirisasi
1178,sdm
1179,reformasi
1180,harmoni
1181,reformasi
1182,ideologi
1183,reformasi
1184,hilirisasi
1185,pemerataan
1186,sdm
1187,pertahanan
1188,ideologi
1189,harmoni
1190,ideologi
1191,pekerjaan
1192,reformasi
1193,reformasi
1194,ideologi
1195,ideologi
1196,pemerataan
1197,ideologi
1198,ideologi
1199,hilirisasi
1200,sdm
1201,reformasi
1202,hilirisasi
1203,sdm
1204,pekerjaan
1205,pekerjaan
1206,ideologi
1207,reformasi
1208,pertahanan
1209,ideologi
1210,sdm
1211,hilirisasi
1212,harmoni
1213,reformasi
1214,ideologi
1215,pekerjaan
1216,pekerjaan
1217,harmoni
1218,pertahanan
1219,pemerataan
1220,reformasi
1221,hilirisasi
1222,pertahanan
1223,ideologi
1224,ideologi
1225,ideologi
1226,hilirisasi
1227,sdm
1228,reformasi
1229,ideologi
1230,harmoni
1231,ideologi
1232,ideologi
1233,harmoni
1234,ideologi
1235,reformasi
1236,reformasi
1237,ideologi
1238,harmoni
1239,sdm
1240,ideologi
1241,pemerataan
1242,reformasi
1243,harmoni
1244,harmoni
1245,ideologi
1246,hilirisasi
1247,reformasi
1248,sdm
1249,hilirisasi
1250,ideologi
1251,pertahanan
1252,sdm
1253,sdm
1254,hilirisasi
1255,harmoni
1256,reformasi
1257,sdm
1258,pekerjaan
1259,hilirisasi
1260,ideologi
1261,pekerjaan
1262,reformasi
1263,pertahanan
1264,ideologi
1265,ideologi
1266,hilirisasi
1267,pertahanan
1268,reformasi
1269,pertahanan
1270,ideologi
1271,reformasi
1272,ideologi
1273,ideologi
1274,hilirisasi
1275,pertahanan
1276,pertahanan
1277,sdm
1278,reformasi
1279,pertahanan
1280,sdm
1281,hilirisasi
1282,reformasi
1283,reformasi
1284,pekerjaan
1285,pertahanan
1286,ideologi
1287,harmoni
1288,reformasi
1289,reformasi
1290,ideologi
1291,ideologi
1292,sdm
1293,pekerjaan
1294,reformasi
1295,reformasi
1296,sdm
1297,ideologi
1298,sdm
1299,reformasi
1300,sdm
1301,reformasi
1302,pertahanan
1303,reformasi
1304,reformasi
1305,reformasi
1306,hilirisasi
1307,ideologi
1308,harmoni
1309,sdm
1310,hilirisasi
1311,reformasi
1312,reformasi
1313,ideologi
1314,reformasi
1315,pertahanan
1316,pekerjaan
1317,ideologi
1318,ideologi
1319,hilirisasi
1320,pertahanan
1321,pekerjaan
1322,pertahanan
1323,ideologi
1324,ideologi
1325,pekerjaan
1326,sdm
1327,pekerjaan
1328,hilirisasi
1329,ideologi
1330,pekerjaan
1331,reformasi
1332,sdm
1333,sdm
1334,pekerjaan
1335,reformasi
1336,pemerataan
1337,reformasi
1338,pertahanan
1339,sdm
1340,sdm
1341,sdm
1342,pekerjaan
1343,sdm
1344,pekerjaan
1345,sdm
1346,sdm
1347,sdm
1348,ideologi
1349,reformasi
1350,pekerjaan
1351,reformasi
1352,sdm
1353,hilirisasi
1354,pertahanan
1355,pertahanan
1356,ideologi
1357,sdm
1358,sdm
1359,sdm
1360,reformasi
1361,sdm
1362,reformasi
1363,ideologi
1364,hilirisasi
1365,pekerjaan
1366,sdm
1367,ideologi
1368,harmoni
1369,reformasi
1370,ideologi
1371,ideologi
1372,pertahanan
1373,reformasi
1374,pertahanan
1375,pemerataan
1376,ideologi
1377,sdm
1378,pekerjaan
1379,harmoni
1380,reformasi
1381,harmoni
1382,pekerjaan
1383,pemerataan
1384,sdm
1385,sdm
1386,sdm
1387,pertahanan
1388,pemerataan
1389,hilirisasi
1390,pertahanan
1391,pertahanan
1392,sdm
1393,reformasi
1394,reformasi
1395,hilirisasi
1396,sdm
1397,sdm
1398,sdm
1399,reformasi
1400,reformasi
1401,hilirisasi
1402,pertahanan
1403,harmoni
1404,reformasi
1405,pekerjaan
1406,reformasi
1407,pemerataan
1408,reformasi
1409,ideologi
1410,ideologi
1411,harmoni
1412,pemerataan
1413,reformasi
1414,sdm
1415,pekerjaan
1416,reformasi
1417,ideologi
1418,reformasi
1419,ideologi
1420,pemerataan
1421,pertahanan
1422,pemerataan
1423,reformasi
1424,reformasi
1425,pertahanan
1426,pekerjaan
1427,reformasi
1428,hilirisasi
1429,hilirisasi
1430,reformasi
1431,sdm
1432,pekerjaan
1433,sdm
1434,pertahanan
1435,reformasi
1436,pertahanan
1437,reformasi
1438,pertahanan
1439,pemerataan
1440,pekerjaan
1441,reformasi
1442,reformasi
1443,pertahanan
1444,reformasi
1445,pekerjaan
1446,reformasi
1447,ideologi
1448,pemerataan
1449,ideologi
1450,sdm
1451,reformasi
1452,ideologi
1453,pertahanan
1454,hilirisasi
1455,ideologi
1456,sdm
1457,ideologi
1458,sdm
1459,pertahanan
1460,hilirisasi
1461,sdm
1462,pekerjaan
1463,sdm
1464,pertahanan
1465,pertahanan
1466,reformasi
1467,pemerataan
1468,pertahanan
1469,pertahanan
1470,pekerjaan
1471,reformasi
1472,ideologi
1473,ideologi
1474,pemerataan
1475,reformasi
1476,reformasi
1477,harmoni
1478,ideologi
1479,ideologi
1480,reformasi
1481,reformasi
1482,pemerataan
1483,pekerjaan
1484,hilirisasi
1485,ideologi
1486,harmoni
1487,ideologi
1488,ideologi
1489,pemerataan
1490,pertahanan
1491,ideologi
1492,reformasi
1493,reformasi
1494,reformasi
1495,sdm
1496,ideologi
1497,ideologi
1498,pertahanan
1499,sdm
1500,ideologi
1501,hilirisasi
1502,pemerataan
1503,pertahanan
1504,pekerjaan
1505,harmoni
1506,reformasi
1507,reformasi
1508,reformasi
1509,pertahanan
1510,ideologi
1511,hilirisasi
1512,reformasi
1513,sdm
1514,ideologi
1515,hilirisasi
1516,reformasi
1517,sdm
1518,harmoni
1519,sdm
1520,reformasi
1521,reformasi
1522,reformasi
1523,pertahanan
1524,pekerjaan
1525,reformasi
1526,reformasi
1527,pertahanan
1528,reformasi
1529,sdm
1530,reformasi
1531,reformasi
1532,hilirisasi
1533,sdm
1534,pertahanan
1535,ideologi
1536,hilirisasi
1537,ideologi
1538,sdm
1539,reformasi
1540,reformasi
1541,harmoni
1542,sdm
1543,reformasi
1544,pemerataan
1545,harmoni
1546,reformasi
1547,reformasi
1548,harmoni
1549,pertahanan
1550,pemerataan
1551,pemerataan
1552,pekerjaan
1553,reformasi
1554,sdm
1555,pertahanan
1556,sdm
1557,ideologi
1558,reformasi
1559,pekerjaan
1560,ideologi
1561,ideologi
1562,pemerataan
1563,pekerjaan
1564,ideologi
1565,pemerataan
1566,reformasi
1567,sdm
1568,reformasi
1569,harmoni
1570,reformasi
1571,pekerjaan
1572,sdm
1573,ideologi
1574,reformasi
1575,pekerjaan
1576,harmoni
1577,reformasi
1578,sdm
1579,hilirisasi
1580,pertahanan
1581,sdm
1582,reformasi
1583,pertahanan
1584,pertahanan
1585,pemerataan
1586,reformasi
1587,pemerataan
1588,ideologi
1589,sdm
1590,harmoni
1591,pertahanan
1592,reformasi
1593,reformasi
1594,pekerjaan
1595,sdm
1596,pemerataan
1597,reformasi
1598,pekerjaan
1599,pertahanan
1600,sdm
1601,pekerjaan
1602,ideologi
1603,reformasi
1604,pekerjaan
1605,sdm
1606,sdm
1607,sdm
1608,pekerjaan
1609,reformasi
1610,sdm
1611,pertahanan
1612,harmoni
1613,pemerataan
1614,pekerjaan
1615,sdm
1616,sdm
1617,sdm
1618,sdm
1619,pertahanan
1620,reformasi
1621,hilirisasi
1622,pekerjaan
1623,pertahanan
1624,hilirisasi
1625,reformasi
1626,ideologi
1627,ideologi
1628,ideologi
1629,reformasi
1630,ideologi
1631,ideologi
1632,pertahanan
1633,reformasi
1634,reformasi
1635,ideologi
1636,hilirisasi
1637,pekerjaan
1638,reformasi
1639,pemerataan
1640,pekerjaan
1641,reformasi
1642,reformasi
1643,reformasi
1644,reformasi
1645,hilirisasi
1646,pekerjaan
1647,ideologi
1648,harmoni
1649,pemerataan
1650,reformasi
1651,pemerataan
1652,ideologi
1653,reformasi
1654,pekerjaan
1655,pemerataan
1656,sdm
1657,reformasi
1658,reformasi
1659,reformasi
1660,reformasi
1661,ideologi
1662,pemerataan
1663,reformasi
1664,pemerataan
1665,pertahanan
1666,sdm
1667,pemerataan
1668,sdm
1669,harmoni
1670,sdm
1671,pemerataan
1672,pemerataan
1673,sdm
1674,ideologi
1675,sdm
1676,reformasi
1677,hilirisasi
1678,pertahanan
1679,pertahanan
1680,sdm
1681,pemerataan
1682,sdm
1683,reformasi
1684,ideologi
1685,reformasi
1686,sdm
1687,hilirisasi
1688,ideologi
1689,pertahanan
1690,sdm
1691,reformasi
1692,harmoni
1693,reformasi
1694,pekerjaan
1695,reformasi
1696,reformasi
1697,hilirisasi
1698,pemerataan
1699,reformasi
1700,reformasi
1701,reformasi
1702,ideologi
1703,reformasi
1704,harmoni
1705,harmoni
1706,pemerataan
1707,sdm
1708,pemerataan
1709,harmoni
1710,reformasi
1711,ideologi
1712,pertahanan
1713,reformasi
1714,sdm
1715,pertahanan
1716,ideologi
1717,harmoni
1718,sdm
1719,reformasi
1720,pertahanan
1721,reformasi
1722,ideologi
1723,pekerjaan
1724,sdm
1725,reformasi
1726,hilirisasi
1727,reformasi
1728,pertahanan
1729,reformasi
1730,ideologi
1731,sdm
1732,harmoni
1733,reformasi
1734,ideologi
1735,reformasi
1736,harmoni
1737,reformasi
1738,reformasi
1739,sdm
1740,reformasi
1741,reformasi
1742,ideologi
1743,hilirisasi
1744,pekerjaan
1745,reformasi
1746,reformasi
1747,reformasi
1748,pekerjaan
1749,ideologi
1750,ideologi
1751,reformasi
1752,sdm
1753,hilirisasi
1754,pekerjaan
1755,sdm
1756,sdm
1757,pertahanan
1758,harmoni
1759,reformasi
1760,pekerjaan
1761,pekerjaan
1762,reformasi
1763,harmoni
1764,reformasi
1765,sdm
1766,reformasi
1767,reformasi
1768,reformasi
1769,ideologi
1770,pertahanan
1771,harmoni
1772,ideologi
1773,ideologi
1774,pekerjaan
1775,pekerjaan
1776,reformasi
1777,pemerataan
1778,reformasi
1779,pemerataan
1780,reformasi
1781,sdm
1782,reformasi
1783,ideologi
1784,hilirisasi
1785,pertahanan
1786,ideologi
1787,pemerataan
1788,sdm
1789,pekerjaan
1790,pertahanan
1791,pekerjaan
1792,ideologi
1793,pekerjaan
1794,pekerjaan
1795,pertahanan
1796,pertahanan
1797,reformasi
1798,reformasi
1799,pertahanan
1800,reformasi
1801,reformasi
1802,pertahanan
1803,ideologi
1804,reformasi
1805,reformasi
1806,pertahanan
1807,pekerjaan
1808,ideologi
1809,sdm
1810,reformasi
1811,sdm
1812,sdm
1813,pertahanan
1814,sdm
1815,reformasi
1816,hilirisasi
1817,pekerjaan
1818,ideologi
1819,ideologi
1820,sdm
1821,sdm
1822,hilirisasi
1823,hilirisasi
1824,ideologi
1825,reformasi
1826,hilirisasi
1827,reformasi
1828,pertahanan
1829,hilirisasi
1830,reformasi
1831,sdm
1832,reformasi
1833,ideologi
1834,reformasi
1835,ideologi
1836,harmoni
1837,pekerjaan
1838,sdm
1839,pertahanan
1840,pemerataan
1841,sdm
1842,reformasi
1843,pekerjaan
1844,sdm
1845,reformasi
1846,ideologi
1847,pekerjaan
1848,pekerjaan
1849,reformasi
1850,sdm
1851,sdm
1852,hilirisasi
1853,reformasi
1854,ideologi
1855,pertahanan
1856,pertahanan
1857,reformasi
1858,reformasi
1859,ideologi
1860,ideologi
1861,pertahanan
1862,harmoni
1863,pekerjaan
1864,pertahanan
1865,pekerjaan
1866,reformasi
1867,reformasi
1868,reformasi
1869,reformasi
1870,reformasi
1871,hilirisasi
1872,pemerataan
1873,sdm
1874,pekerjaan
1875,ideologi
1876,sdm
1877,hilirisasi
1878,reformasi
1879,sdm
1880,harmoni
1881,reformasi
1882,ideologi
1883,pemerataan
1884,pertahanan
1885,sdm
1886,reformasi
1887,pertahanan
1888,hilirisasi
1889,pertahanan
1890,reformasi
1891,pemerataan
1892,pekerjaan
1893,pekerjaan
1894,sdm
1895,sdm
1896,sdm
1897,ideologi
1898,reformasi
1899,reformasi
1900,reformasi
1901,harmoni
1902,pertahanan
1903,pertahanan
1904,ideologi
1905,reformasi
1906,pemerataan
1907,reformasi
1908,hilirisasi
1909,pertahanan
1910,hilirisasi
1911,reformasi
1912,harmoni
1913,pertahanan
1914,reformasi
1915,reformasi
1916,harmoni
1917,reformasi
1918,ideologi
1919,hilirisasi
1920,sdm
1921,harmoni
1922,ideologi
1923,reformasi
1924,pekerjaan
1925,pekerjaan
1926,pertahanan
1927,pertahanan
1928,pekerjaan
1929,hilirisasi
1930,harmoni
1931,harmoni
1932,reformasi
1933,harmoni
1934,reformasi
1935,sdm
1936,hilirisasi
1937,sdm
1938,reformasi
1939,sdm
1940,reformasi
1941,reformasi
1942,ideologi
1943,ideologi
1944,reformasi
1945,sdm
1946,pekerjaan
1947,ideologi
1948,harmoni
1949,reformasi
1950,pertahanan
1951,hilirisasi
1952,sdm
1953,hilirisasi
1954,ideologi
1955,pemerataan
1956,reformasi
1957,sdm
1958,pertahanan
1959,reformasi
1960,pertahanan
1961,sdm
1962,hilirisasi
1963,pertahanan
1964,reformasi
1965,sdm
1966,hilirisasi
1967,pertahanan
1968,sdm
1969,sdm
1970,sdm
1971,pekerjaan
1972,sdm
1973,pemerataan
1974,pemerataan
1975,harmoni
1976,hilirisasi
1977,sdm
1978,ideologi
1979,pekerjaan
1980,reformasi
1981,reformasi
1982,sdm
1983,sdm
1984,reformasi
1985,harmoni
1986,reformasi
1987,harmoni
1988,reformasi
1989,ideologi
1990,harmoni
1991,reformasi
1992,hilirisasi
1993,hilirisasi
1994,reformasi
1995,reformasi
1996,pertahanan
1997,ideologi
1998,pertahanan
1999,ideologi
2000,sdm
2001,sdm
2002,reformasi
2003,pertahanan
2004,reformasi
2005,sdm
2006,sdm
2007,reformasi
2008,reformasi
2009,pekerjaan
2010,pekerjaan
2011,ideologi
2012,ideologi
2013,ideologi
2014,hilirisasi
2015,sdm
2016,pekerjaan
2017,sdm
2018,reformasi
2019,reformasi
2020,ideologi
2021,pertahanan
2022,hilirisasi
2023,ideologi
2024,pertahanan
2025,pekerjaan
2026,ideologi
2027,pertahanan
2028,hilirisasi
2029,pertahanan
2030,reformasi
2031,reformasi
2032,ideologi
2033,pertahanan
2034,hilirisasi
2035,pertahanan
2036,reformasi
2037,pekerjaan
2038,pemerataan
2039,hilirisasi
2040,reformasi
2041,pertahanan
2042,ideologi
2043,pertahanan
2044,pertahanan
2045,reformasi
2046,sdm
2047,sdm
2048,pekerjaan
2049,pekerjaan
2050,pekerjaan
2051,reformasi
2052,reformasi
2053,harmoni
2054,ideologi
2055,pekerjaan
2056,reformasi
2057,pemerataan
2058,sdm
2059,reformasi
2060,hilirisasi
2061,pekerjaan
2062,reformasi
2063,reformasi
2064,pemerataan
2065,pertahanan
2066,sdm
2067,ideologi
2068,reformasi
2069,ideologi
2070,pekerjaan
2071,ideologi
2072,ideologi
2073,ideologi
2074,sdm
2075,ideologi
2076,reformasi
2077,reformasi
2078,pemerataan
2079,harmoni
2080,ideologi
2081,pertahanan
2082,pemerataan
2083,sdm
2084,ideologi
2085,pekerjaan
2086,pekerjaan
2087,hilirisasi
2088,pertahanan
2089,reformasi
2090,pemerataan
2091,pertahanan
2092,pekerjaan
2093,pertahanan
2094,ideologi
2095,reformasi
2096,reformasi
2097,pertahanan
2098,reformasi
2099,ideologi
2100,pertahanan
2101,harmoni
2102,pekerjaan
2103,reformasi
2104,pertahanan
2105,sdm
2106,pertahanan
2107,pekerjaan
2108,pemerataan
2109,ideologi
2110,sdm
2111,pemerataan
2112,pekerjaan
2113,reformasi
2114,harmoni
2115,reformasi
2116,reformasi
2117,reformasi
2118,reformasi
2119,sdm
2120,reformasi
2121,sdm
2122,pemerataan
2123,reformasi
2124,pertahanan
2125,pertahanan
2126,harmoni
2127,pertahanan
2128,reformasi
2129,hilirisasi
2130,pekerjaan
2131,reformasi
2132,pekerjaan
2133,pekerjaan
2134,pemerataan
2135,reformasi
2136,reformasi
2137,sdm
2138,sdm
2139,pekerjaan
2140,pekerjaan
2141,pertahanan
2142,pertahanan
2143,sdm
2144,ideologi
2145,pertahanan
2146,reformasi
2147,pemerataan
2148,harmoni
2149,pekerjaan
2150,reformasi
2151,reformasi
2152,hilirisasi
2153,sdm
2154,reformasi
2155,sdm
2156,hilirisasi
2157,pertahanan
2158,ideologi
2159,hilirisasi
2160,reformasi
2161,pemerataan
2162,reformasi
2163,sdm
2164,reformasi
2165,reformasi
2166,sdm
2167,reformasi
2168,hilirisasi
2169,reformasi
2170,sdm
2171,sdm
2172,pemerataan
2173,sdm
2174,reformasi
2175,pekerjaan
2176,reformasi
2177,pemerataan
2178,ideologi
2179,pekerjaan
2180,pertahanan
2181,reformasi
2182,sdm
2183,pemerataan
2184,ideologi
2185,reformasi
2186,pekerjaan
2187,sdm
2188,reformasi
2189,hilirisasi
2190,ideologi
2191,ideologi
2192,ideologi
2193,pertahanan
2194,reformasi
2195,hilirisasi
2196,pertahanan
2197,pertahanan
2198,reformasi
2199,reformasi
2200,pertahanan
2201,ideologi
2202,pertahanan
2203,reformasi
2204,sdm
2205,hilirisasi
2206,harmoni
2207,pemerataan
2208,pertahanan
2209,ideologi
2210,reformasi
2211,sdm
2212,ideologi
2213,sdm
2214,sdm
2215,reformasi
2216,sdm
2217,reformasi
2218,pertahanan
2219,pekerjaan
2220,pemerataan
2221,pertahanan
2222,reformasi
2223,ideologi
2224,pemerataan
2225,reformasi
2226,pekerjaan
2227,hilirisasi
2228,sdm
2229,reformasi
2230,reformasi
2231,pemerataan
2232,pekerjaan
2233,sdm
2234,ideologi
2235,pekerjaan
2236,hilirisasi
2237,hilirisasi
2238,ideologi
2239,reformasi
2240,pemerataan
2241,reformasi
2242,sdm
2243,ideologi
2244,reformasi
2245,sdm
2246,sdm
2247,pekerjaan
2248,pekerjaan
2249,pertahanan
2250,ideologi
2251,ideologi
2252,sdm
2253,pertahanan
2254,reformasi
2255,ideologi
2256,hilirisasi
2257,ideologi
2258,pertahanan
2259,sdm
2260,pekerjaan
2261,sdm
2262,ideologi
2263,reformasi
2264,sdm
2265,pertahanan
2266,sdm
2267,reformasi
2268,sdm
2269,pertahanan
2270,pemerataan
2271,ideologi
2272,sdm
2273,sdm
2274,sdm
2275,pertahanan
2276,harmoni
2277,hilirisasi
2278,pertahanan
2279,reformasi
2280,reformasi
2281,pertahanan
2282,pertahanan
2283,sdm
2284,ideologi
2285,reformasi
2286,reformasi
2287,pertahanan
2288,reformasi
2289,pertahanan
2290,ideologi
2291,ideologi
2292,ideologi
2293,pertahanan
2294,pekerjaan
2295,ideologi
2296,reformasi
2297,reformasi
2298,hilirisasi
2299,reformasi
2300,ideologi
2301,sdm
2302,ideologi
2303,ideologi
2304,pertahanan
2305,ideologi
2306,pekerjaan
2307,reformasi
2308,reformasi
2309,reformasi
2310,pekerjaan
2311,sdm
2312,reformasi
2313,reformasi
2314,ideologi
2315,reformasi
2316,ideologi
2317,pertahanan
2318,ideologi
2319,reformasi
2320,pertahanan
2321,hilirisasi
2322,pertahanan
2323,sdm
2324,reformasi
2325,sdm
2326,sdm
2327,pekerjaan
2328,pertahanan
2329,ideologi
2330,pemerataan
2331,pekerjaan
2332,pemerataan
2333,ideologi
2334,reformasi
2335,pemerataan
2336,reformasi
2337,ideologi
2338,hilirisasi
2339,ideologi
2340,reformasi
2341,pemerataan
2342,ideologi
2343,pertahanan
2344,sdm
2345,pertahanan
2346,ideologi
2347,pemerataan
2348,pertahanan
2349,sdm
2350,pemerataan
2351,pekerjaan
2352,pekerjaan
2353,hilirisasi
2354,harmoni
2355,pekerjaan
2356,pertahanan
2357,pemerataan
2358,pemerataan
2359,sdm
2360,ideologi
2361,pertahanan
2362,sdm
2363,sdm
2364,reformasi
2365,sdm
2366,sdm
2367,pertahanan
2368,reformasi
2369,sdm
2370,pemerataan
2371,harmoni
2372,harmoni
2373,ideologi
2374,sdm
2375,pemerataan
2376,reformasi
2377,reformasi
2378,sdm
2379,reformasi
2380,reformasi
2381,sdm
2382,pertahanan
2383,reformasi
2384,reformasi
2385,hilirisasi
2386,pertahanan
2387,reformasi
2388,reformasi
2389,harmoni
2390,pertahanan
2391,pemerataan
2392,ideologi
2393,pemerataan
2394,reformasi
2395,sdm
2396,pertahanan
2397,sdm
2398,reformasi
2399,hilirisasi
2400,reformasi
2401,ideologi
2402,reformasi
2403,sdm
2404,pemerataan
2405,pekerjaan
2406,pertahanan
2407,ideologi
2408,pekerjaan
2409,reformasi
2410,ideologi
2411,pertahanan
2412,hilirisasi
2413,reformasi
2414,pertahanan
2415,ideologi
2416,pertahanan
2417,sdm
2418,reformasi
2419,reformasi
2420,ideologi
2421,sdm
2422,pekerjaan
2423,pertahanan
2424,reformasi
2425,harmoni
2426,reformasi
2427,harmoni
2428,ideologi
2429,sdm
2430,hilirisasi
2431,harmoni
2432,sdm
2433,pertahanan
2434,pekerjaan
2435,reformasi
2436,pekerjaan
2437,reformasi
2438,pertahanan
2439,reformasi
2440,pekerjaan
2441,sdm
2442,ideologi
2443,pertahanan
2444,pekerjaan
2445,sdm
2446,pertahanan
2447,ideologi
2448,pertahanan
2449,pemerataan
2450,harmoni
2451,sdm
2452,sdm
2453,reformasi
2454,pekerjaan
2455,pertahanan
2456,sdm
2457,reformasi
2458,sdm
2459,reformasi
2460,pertahanan
2461,pertahanan
2462,pertahanan
2463,sdm
2464,pertahanan
2465,reformasi
2466,pemerataan
2467,ideologi
2468,pertahanan
2469,pertahanan
2470,sdm
2471,reformasi
2472,reformasi
2473,reformasi
2474,pertahanan
2475,sdm
2476,pekerjaan
2477,reformasi
2478,pekerjaan
2479,ideologi
2480,harmoni
2481,sdm
2482,sdm
2483,ideologi
2484,ideologi
2485,sdm
2486,harmoni
2487,ideologi
2488,ideologi
2489,sdm
2490,sdm
2491,pekerjaan
2492,pemerataan
2493,pemerataan
2494,ideologi
2495,pemerataan
2496,harmoni
2497,sdm
2498,ideologi
2499,reformasi
2500,harmoni
2501,harmoni
2502,pertahanan
2503,sdm
2504,ideologi
2505,ideologi
2506,sdm
2507,pekerjaan
2508,ideologi
2509,ideologi
2510,sdm
2511,sdm
2512,sdm
2513,ideologi
2514,pemerataan
2515,harmoni
2516,pemerataan
2517,ideologi
2518,ideologi
2519,harmoni
2520,sdm
2521,reformasi
2522,pekerjaan
2523,sdm
2524,sdm
2525,pekerjaan
2526,pemerataan
2527,harmoni
2528,ideologi
2529,ideologi
2530,harmoni
2531,ideologi
2532,sdm
2533,ideologi
2534,pemerataan
2535,ideologi
2536,harmoni
2537,sdm
2538,ideologi
2539,harmoni
2540,pemerataan
2541,ideologi
2542,ideologi
2543,harmoni
2544,ideologi
2545,ideologi
2546,pemerataan
2547,ideologi
2548,ideologi
2549,pertahanan
2550,ideologi
2551,ideologi
2552,harmoni
2553,harmoni
2554,harmoni
2555,reformasi
2556,harmoni
2557,ideologi
2558,sdm
2559,sdm
2560,sdm
2561,ideologi
2562,harmoni
2563,harmoni
2564,sdm
2565,harmoni
2566,ideologi
2567,pemerataan
2568,ideologi
2569,harmoni
2570,sdm
2571,harmoni
2572,sdm
2573,sdm
2574,ideologi
2575,sdm
2576,sdm
2577,sdm
2578,sdm
2579,ideologi
2580,ideologi
2581,harmoni
2582,harmoni
2583,sdm
2584,sdm
2585,sdm
2586,sdm
2587,sdm
2588,ideologi
2589,ideologi
2590,reformasi
2591,pertahanan
2592,sdm
2593,ideologi
2594,ideologi
2595,sdm
2596,sdm
2597,ideologi
2598,sdm
2599,sdm
2600,sdm
2601,sdm
2602,hilirisasi
2603,harmoni
2604,ideologi
2605,sdm
2606,sdm
2607,sdm
2608,ideologi
2609,sdm
2610,ideologi
2611,pemerataan
2612,reformasi
2613,ideologi
2614,ideologi
2615,harmoni
2616,reformasi
2617,sdm
2618,ideologi
2619,harmoni
2620,hilirisasi
2621,ideologi
2622,ideologi
2623,ideologi
2624,pertahanan
2625,ideologi
2626,ideologi
2627,harmoni
2628,ideologi
2629,reformasi
2630,sdm
2631,sdm
2632,ideologi
2633,ideologi
2634,ideologi
2635,ideologi
2636,sdm
2637,pemerataan
2638,ideologi
2639,sdm
2640,ideologi
2641,ideologi
2642,sdm
2643,sdm
2644,reformasi
2645,pemerataan
2646,sdm
2647,ideologi
2648,sdm
2649,sdm
2650,ideologi
2651,sdm
2652,sdm
2653,ideologi
2654,harmoni
2655,pemerataan
2656,pemerataan
2657,harmoni
2658,hilirisasi
2659,harmoni
2660,sdm
2661,sdm
2662,ideologi
2663,sdm
2664,sdm
2665,sdm
2666,ideologi
2667,sdm
2668,harmoni
2669,sdm
2670,sdm
2671,sdm
2672,harmoni
2673,ideologi
2674,ideologi
2675,harmoni
2676,pemerataan
2677,sdm
2678,sdm
2679,pemerataan
2680,pertahanan
2681,sdm
2682,pekerjaan
2683,pertahanan
2684,sdm
2685,sdm
2686,pertahanan
2687,pertahanan
2688,pertahanan
2689,sdm
2690,sdm
2691,ideologi
2692,hilirisasi
2693,sdm
2694,pemerataan
2695,hilirisasi
2696,hilirisasi
2697,sdm
2698,sdm
2699,hilirisasi
2700,hilirisasi
2701,sdm
2702,hilirisasi
2703,hilirisasi
2704,sdm
2705,sdm
2706,hilirisasi
2707,hilirisasi
2708,harmoni
2709,harmoni
2710,pertahanan
2711,hilirisasi
2712,hilirisasi
2713,harmoni
2714,pekerjaan
2715,hilirisasi
2716,sdm
2717,pemerataan
2718,hilirisasi
2719,sdm
2720,pertahanan
2721,hilirisasi
2722,pertahanan
2723,hilirisasi
2724,pekerjaan
2725,hilirisasi
2726,pertahanan
2727,pemerataan
2728,sdm
2729,pertahanan
2730,sdm
2731,sdm
2732,pertahanan
2733,hilirisasi
2734,pekerjaan
2735,sdm
2736,sdm
2737,sdm
2738,pemerataan
2739,pertahanan
2740,sdm
2741,pekerjaan
2742,hilirisasi
2743,pekerjaan
2744,pertahanan
2745,pertahanan
2746,sdm
2747,sdm
2748,sdm
2749,sdm
2750,ideologi
2751,harmoni
2752,sdm
2753,sdm
2754,pertahanan
2755,sdm
2756,harmoni
2757,sdm
2758,sdm
2759,harmoni
2760,sdm
2761,ideologi
2762,hilirisasi
2763,ideologi
2764,reformasi
2765,ideologi
2766,sdm
2767,hilirisasi
2768,sdm
2769,sdm
2770,sdm
2771,hilirisasi
2772,sdm
2773,ideologi
2774,sdm
2775,pekerjaan
2776,hilirisasi
2777,hilirisasi
2778,pertahanan
2779,sdm
2780,harmoni
2781,pertahanan
2782,hilirisasi
2783,hilirisasi
2784,hilirisasi
2785,hilirisasi
2786,sdm
2787,pertahanan
2788,pertahanan
2789,ideologi
2790,hilirisasi
2791,hilirisasi
2792,sdm
2793,sdm
2794,sdm
2795,pertahanan
2796,sdm
2797,sdm
2798,pekerjaan
2799,hilirisasi
2800,hilirisasi
2801,hilirisasi
2802,sdm
2803,sdm
2804,hilirisasi
2805,sdm
2806,sdm
2807,sdm
2808,pekerjaan
2809,hilirisasi
2810,sdm
2811,sdm
2812,reformasi
2813,pemerataan
2814,sdm
2815,pekerjaan
2816,ideologi
2817,ideologi
2818,hilirisasi
2819,pertahanan
2820,sdm
2821,sdm
2822,reformasi
2823,sdm
2824,harmoni
2825,sdm
2826,pekerjaan
2827,harmoni
2828,harmoni
2829,ideologi
2830,sdm
2831,sdm
2832,hilirisasi
2833,pekerjaan
2834,hilirisasi
2835,hilirisasi
2836,sdm
2837,ideologi
2838,reformasi
2839,pekerjaan
2840,sdm
2841,sdm
2842,sdm
2843,sdm
2844,harmoni
2845,sdm
2846,pekerjaan
2847,pekerjaan
2848,pekerjaan
2849,hilirisasi
2850,sdm
2851,hilirisasi
2852,pertahanan
2853,sdm
2854,sdm
2855,harmoni
2856,hilirisasi
2857,sdm
2858,hilirisasi
2859,sdm
2860,harmoni
2861,reformasi
2862,sdm
2863,sdm
2864,hilirisasi
2865,sdm
2866,hilirisasi
2867,hilirisasi
2868,pertahanan
2869,sdm
2870,ideologi
2871,harmoni
2872,reformasi
2873,sdm
2874,sdm
2875,hilirisasi
2876,sdm
2877,reformasi
2878,hilirisasi
2879,sdm
2880,hilirisasi
2881,sdm
2882,sdm
2883,hilirisasi
2884,hilirisasi
2885,pertahanan
2886,hilirisasi
2887,reformasi
2888,sdm
2889,hilirisasi
2890,pertahanan
2891,ideologi
2892,hilirisasi
2893,pertahanan
2894,sdm
2895,hilirisasi
2896,hilirisasi
2897,reformasi
2898,sdm
2899,pekerjaan
2900,pertahanan
2901,pertahanan
2902,hilirisasi
2903,reformasi
2904,pertahanan
2905,hilirisasi
2906,hilirisasi
2907,pemerataan
2908,hilirisasi
2909,pemerataan
2910,sdm
2911,sdm
2912,hilirisasi
2913,hilirisasi
2914,pekerjaan
2915,hilirisasi
2916,harmoni
2917,hilirisasi
2918,ideologi
2919,hilirisasi
2920,sdm
2921,hilirisasi
2922,hilirisasi
2923,hilirisasi
2924,pertahanan
2925,pertahanan
2926,sdm
2927,harmoni
2928,harmoni
2929,sdm
2930,sdm
2931,hilirisasi
2932,sdm
2933,sdm
2934,sdm
2935,sdm
2936,sdm
2937,sdm
2938,hilirisasi
2939,pertahanan
2940,hilirisasi
2941,hilirisasi
2942,hilirisasi
2943,pekerjaan
2944,sdm
2945,sdm
2946,sdm
2947,hilirisasi
2948,sdm
2949,sdm
2950,hilirisasi
2951,sdm
2952,pekerjaan
2953,sdm
2954,sdm
2955,pertahanan
2956,sdm
2957,harmoni
2958,harmoni
2959,hilirisasi
2960,hilirisasi
2961,sdm
2962,hilirisasi
2963,harmoni
2964,sdm
2965,hilirisasi
2966,hilirisasi
2967,hilirisasi
2968,sdm
2969,pemerataan
2970,hilirisasi
2971,reformasi
2972,sdm
2973,hilirisasi
2974,sdm
2975,sdm
2976,hilirisasi
2977,sdm
2978,sdm
2979,reformasi
2980,reformasi
2981,pertahanan
2982,sdm
2983,sdm
2984,sdm
2985,hilirisasi
2986,hilirisasi
2987,pekerjaan
2988,hilirisasi
2989,harmoni
2990,sdm
2991,hilirisasi
2992,sdm
2993,sdm
2994,hilirisasi
2995,sdm
2996,sdm
2997,sdm
2998,pertahanan
2999,sdm
3000,hilirisasi
3001,sdm
3002,sdm
3003,pertahanan
3004,sdm
3005,pertahanan
3006,hilirisasi
3007,sdm
3008,ideologi
3009,pekerjaan
3010,sdm
3011,hilirisasi
3012,hilirisasi
3013,reformasi
3014,pekerjaan
3015,sdm
3016,sdm
3017,sdm
3018,hilirisasi
3019,hilirisasi
3020,harmoni
3021,sdm
3022,hilirisasi
3023,sdm
3024,hilirisasi
3025,sdm
3026,ideologi
3027,pekerjaan
3028,hilirisasi
3029,pertahanan
3030,sdm
3031,hilirisasi
3032,sdm
3033,ideologi
3034,ideologi
3035,pertahanan
3036,sdm
3037,hilirisasi
3038,ideologi
3039,sdm
3040,sdm
3041,ideologi
3042,hilirisasi
3043,sdm
3044,sdm
3045,hilirisasi
3046,sdm
3047,pemerataan
3048,sdm
3049,sdm
3050,sdm
3051,sdm
3052,hilirisasi
3053,pertahanan
3054,hilirisasi
3055,hilirisasi
3056,ideologi
3057,sdm
3058,sdm
3059,harmoni
3060,hilirisasi
3061,pemerataan
3062,ideologi
3063,ideologi
3064,sdm
3065,sdm
3066,sdm
3067,ideologi
3068,pertahanan
3069,sdm
3070,hilirisasi
3071,hilirisasi
3072,sdm
3073,hilirisasi
3074,sdm
3075,hilirisasi
3076,ideologi
3077,sdm
3078,sdm
3079,pertahanan
3080,pertahanan
3081,hilirisasi
3082,hilirisasi
3083,hilirisasi
3084,pertahanan
3085,hilirisasi
3086,hilirisasi
3087,hilirisasi
3088,pemerataan
3089,pertahanan
3090,pertahanan
3091,pertahanan
3092,pertahanan
3093,hilirisasi
3094,pertahanan
3095,hilirisasi
3096,harmoni
3097,hilirisasi
3098,pertahanan
3099,pertahanan
3100,pertahanan
3101,hilirisasi
3102,pertahanan
3103,hilirisasi
3104,pertahanan
3105,pertahanan
3106,pertahanan
3107,hilirisasi
3108,hilirisasi
3109,pertahanan
3110,hilirisasi
3111,pertahanan
3112,hilirisasi
3113,pertahanan
3114,pertahanan
3115,hilirisasi
3116,hilirisasi
3117,hilirisasi
3118,hilirisasi
3119,pertahanan
3120,hilirisasi
3121,pertahanan
3122,hilirisasi
3123,hilirisasi
3124,pertahanan
3125,hilirisasi
3126,hilirisasi
3127,hilirisasi
3128,pertahanan
3129,pekerjaan
3130,hilirisasi
3131,hilirisasi
3132,pertahanan
3133,pertahanan
3134,hilirisasi
3135,hilirisasi
3136,pertahanan
3137,pertahanan
3138,pertahanan
3139,pertahanan
3140,hilirisasi
3141,hilirisasi
3142,hilirisasi
3143,pertahanan
3144,pertahanan
3145,pertahanan
3146,hilirisasi
3147,hilirisasi
3148,pekerjaan
3149,hilirisasi
3150,hilirisasi
3151,pertahanan
3152,hilirisasi
3153,pertahanan
3154,pertahanan
3155,hilirisasi
3156,hilirisasi
3157,pertahanan
3158,pertahanan
3159,harmoni
3160,hilirisasi
3161,ideologi
3162,hilirisasi
3163,hilirisasi
3164,pertahanan
3165,reformasi
3166,reformasi
3167,ideologi
3168,ideologi
3169,pertahanan
3170,pertahanan
3171,pekerjaan
3172,pertahanan
3173,pertahanan
3174,pekerjaan
3175,pertahanan
3176,pekerjaan
3177,pekerjaan
3178,hilirisasi
3179,pertahanan
3180,pertahanan
3181,pekerjaan
3182,pekerjaan
3183,reformasi
3184,pekerjaan
3185,pekerjaan
3186,pekerjaan
3187,pekerjaan
3188,sdm
3189,pekerjaan
3190,pekerjaan
3191,hilirisasi
3192,pemerataan
3193,hilirisasi
3194,hilirisasi
3195,pekerjaan
3196,hilirisasi
3197,hilirisasi
3198,pemerataan
3199,pertahanan
3200,pertahanan
3201,hilirisasi
3202,pemerataan
3203,pertahanan
3204,hilirisasi
3205,pertahanan
3206,pertahanan
3207,pertahanan
3208,pemerataan
3209,pertahanan
3210,pekerjaan
3211,pertahanan
3212,pertahanan
3213,pertahanan
3214,reformasi
3215,sdm
3216,pertahanan
3217,reformasi
3218,reformasi
3219,pertahanan
3220,pertahanan
3221,hilirisasi
3222,pertahanan
3223,pertahanan
3224,hilirisasi
3225,hilirisasi
3226,hilirisasi
3227,pertahanan
3228,pertahanan
3229,pertahanan
3230,pertahanan
3231,pertahanan
3232,pertahanan
3233,pertahanan
3234,pertahanan
3235,pertahanan
3236,pemerataan
3237,hilirisasi
3238,pertahanan
3239,pekerjaan
3240,pertahanan
3241,pertahanan
3242,hilirisasi
3243,pemerataan
3244,reformasi
3245,pertahanan
3246,pertahanan
3247,pertahanan
3248,ideologi
3249,pertahanan
3250,pertahanan
3251,pertahanan
3252,pertahanan
3253,pertahanan
3254,pertahanan
3255,pertahanan
3256,pertahanan
3257,pemerataan
3258,pertahanan
3259,pertahanan
3260,pertahanan
3261,pertahanan
3262,pertahanan
3263,pertahanan
3264,pertahanan
3265,pertahanan
3266,pertahanan
3267,pertahanan
3268,pertahanan
3269,pertahanan
3270,hilirisasi
3271,pertahanan
3272,pertahanan
3273,pertahanan
3274,pertahanan
3275,hilirisasi
3276,pertahanan
3277,pertahanan
3278,pertahanan
3279,sdm
3280,pertahanan
3281,hilirisasi
3282,pertahanan
3283,sdm
3284,pertahanan
3285,hilirisasi
3286,pertahanan
3287,pertahanan
3288,hilirisasi
3289,ideologi
3290,reformasi
3291,reformasi
3292,pertahanan
3293,reformasi
3294,reformasi
3295,harmoni
3296,pertahanan
3297,reformasi
3298,reformasi
3299,reformasi
3300,pertahanan
3301,reformasi
3302,reformasi
3303,reformasi
3304,reformasi
3305,reformasi
3306,reformasi
3307,pertahanan
3308,reformasi
3309,reformasi
3310,pertahanan
3311,reformasi
3312,pertahanan
3313,reformasi
3314,pekerjaan
3315,reformasi
3316,pertahanan
3317,reformasi
3318,reformasi
3319,sdm
3320,reformasi
3321,pertahanan
3322,pertahanan
3323,pertahanan
3324,pertahanan
3325,pertahanan
3326,pertahanan
3327,reformasi
3328,hilirisasi
3329,pertahanan
3330,pertahanan
3331,pertahanan
3332,pertahanan
3333,pertahanan
3334,pertahanan
3335,pertahanan
3336,pertahanan
3337,reformasi
3338,pertahanan
3339,pertahanan
3340,pertahanan
3341,pertahanan
3342,pertahanan
3343,pertahanan
3344,pertahanan
3345,hilirisasi
3346,pertahanan
3347,pertahanan
3348,pertahanan
3349,hilirisasi
3350,pertahanan
3351,pertahanan
3352,pertahanan
3353,pertahanan
3354,pertahanan
3355,pertahanan
3356,pertahanan
3357,ideologi
3358,pertahanan
3359,pertahanan
3360,pertahanan
3361,reformasi
3362,hilirisasi
3363,ideologi
3364,hilirisasi
3365,sdm
3366,pertahanan
3367,pertahanan
3368,pertahanan
3369,pertahanan
3370,pertahanan
3371,reformasi
3372,pertahanan
3373,pertahanan
3374,pertahanan
3375,pertahanan
3376,ideologi
3377,pertahanan
3378,pertahanan
3379,pertahanan
3380,pertahanan
3381,pertahanan
3382,pertahanan
3383,sdm
3384,pertahanan
3385,pertahanan
3386,pertahanan
3387,ideologi
3388,pertahanan
3389,ideologi
3390,pertahanan
3391,pertahanan
3392,pertahanan
3393,pertahanan
3394,pertahanan
3395,pertahanan
3396,pertahanan
3397,reformasi
3398,pertahanan
3399,pertahanan
3400,pertahanan
3401,pertahanan
3402,pertahanan
3403,pertahanan
3404,pertahanan
3405,pertahanan
3406,reformasi
3407,reformasi
3408,pertahanan
3409,pertahanan
3410,pertahanan
3411,pertahanan
3412,pertahanan
3413,pertahanan
3414,pertahanan
3415,pertahanan
3416,pertahanan
3417,pertahanan
3418,pertahanan
3419,pertahanan
3420,reformasi
3421,pertahanan
3422,pertahanan
3423,pertahanan
3424,pertahanan
3425,pertahanan
3426,pertahanan
3427,pertahanan
3428,pertahanan
3429,ideologi
3430,pertahanan
3431,pertahanan
3432,pertahanan
3433,pertahanan
3434,ideologi
3435,pertahanan
3436,pertahanan
3437,pertahanan
3438,pertahanan
3439,ideologi
3440,pertahanan
3441,ideologi
3442,pertahanan
3443,ideologi
3444,pertahanan
3445,pertahanan
3446,hilirisasi
3447,pertahanan
3448,pertahanan
3449,pertahanan
3450,pertahanan
3451,hilirisasi
3452,pertahanan
3453,pertahanan
3454,pertahanan
3455,pertahanan
3456,pertahanan
3457,pertahanan
3458,pertahanan
3459,pertahanan
3460,pertahanan
3461,pertahanan
3462,pertahanan
3463,pertahanan
3464,pertahanan
3465,pertahanan
3466,pertahanan
3467,pertahanan
3468,pertahanan
3469,pertahanan
3470,pertahanan
3471,pertahanan
3472,pertahanan
3473,pertahanan
3474,ideologi
3475,pekerjaan
3476,pertahanan
3477,pertahanan
3478,pertahanan
3479,pertahanan
3480,pertahanan
3481,pertahanan
3482,pertahanan
3483,pertahanan
3484,pertahanan
3485,pertahanan
3486,pertahanan
3487,pertahanan
3488,pertahanan
3489,pertahanan
3490,ideologi
3491,pertahanan
3492,hilirisasi
3493,sdm
3494,pertahanan
3495,hilirisasi
3496,pertahanan
3497,pertahanan
3498,pertahanan
3499,pertahanan
3500,pertahanan
3501,pertahanan
3502,pertahanan
3503,pertahanan
3504,pertahanan
3505,pertahanan
3506,pertahanan
3507,pertahanan
3508,pertahanan
3509,pertahanan
3510,pertahanan
3511,pertahanan
3512,pertahanan
3513,pertahanan
3514,pertahanan
3515,pertahanan
3516,pertahanan
3517,pertahanan
3518,pertahanan
3519,pekerjaan
3520,pertahanan
3521,pertahanan
3522,pertahanan
3523,pertahanan
3524,pertahanan
3525,pertahanan
3526,pertahanan
3527,pertahanan
3528,pertahanan
3529,pertahanan
3530,pertahanan
3531,pertahanan
3532,pertahanan
3533,pertahanan
3534,pertahanan
3535,pertahanan
3536,pertahanan
3537,pertahanan
3538,pertahanan
3539,pertahanan
3540,pertahanan
3541,pertahanan
3542,pertahanan
3543,pertahanan
3544,pertahanan
3545,pertahanan
3546,pertahanan
3547,pertahanan
3548,ideologi
3549,sdm
3550,pertahanan
3551,pertahanan
3552,pertahanan
3553,pertahanan
3554,pertahanan
3555,pertahanan
3556,pertahanan
3557,pertahanan
3558,pertahanan
3559,pertahanan
3560,pertahanan
3561,pertahanan
3562,pertahanan
3563,pertahanan
3564,pertahanan
3565,pertahanan
3566,pertahanan
3567,pertahanan
3568,pertahanan
3569,pertahanan
3570,pertahanan
3571,pertahanan
3572,pertahanan
3573,pertahanan
3574,pertahanan
3575,pertahanan
3576,pertahanan
3577,reformasi
3578,reformasi
3579,pertahanan
3580,pertahanan
3581,pertahanan
3582,pertahanan
3583,pertahanan
3584,ideologi
3585,pertahanan
3586,ideologi
3587,pertahanan
3588,pertahanan
3589,pertahanan
3590,pertahanan
3591,pertahanan
3592,pertahanan
3593,pertahanan
3594,pertahanan
3595,pertahanan
3596,pertahanan
3597,pertahanan
3598,pertahanan
3599,pertahanan
3600,pertahanan
3601,ideologi
3602,pertahanan
3603,pertahanan
3604,pertahanan
3605,pertahanan
3606,pertahanan
3607,ideologi
3608,ideologi
3609,pertahanan
3610,pertahanan
3611,pertahanan
3612,pertahanan
3613,pertahanan
3614,pertahanan
3615,pertahanan
3616,pertahanan
3617,pertahanan
3618,pertahanan
3619,pertahanan
3620,pertahanan
3621,pertahanan
3622,pertahanan
3623,pertahanan
3624,pertahanan
3625,pertahanan
3626,pertahanan
3627,pertahanan
3628,pertahanan
3629,pertahanan
3630,pertahanan
3631,ideologi
3632,ideologi
3633,pertahanan
3634,pertahanan
3635,pertahanan
3636,pertahanan
3637,pertahanan
3638,reformasi
3639,pertahanan
3640,pertahanan
3641,pertahanan
3642,pertahanan
3643,pertahanan
3644,pertahanan
3645,pertahanan
3646,pertahanan
3647,pertahanan
3648,pertahanan
3649,pertahanan
3650,pertahanan
3651,pertahanan
3652,pertahanan
3653,pertahanan
3654,pertahanan
3655,pertahanan
3656,pertahanan
3657,pertahanan
3658,pertahanan
3659,ideologi
3660,ideologi
3661,pertahanan
3662,pertahanan
3663,pertahanan
3664,pertahanan
3665,pertahanan
3666,pertahanan
3667,pertahanan
3668,pertahanan
3669,pertahanan
3670,pertahanan
3671,pertahanan
3672,hilirisasi
3673,pertahanan
3674,pertahanan
3675,pertahanan
3676,pertahanan
3677,pertahanan
3678,pertahanan
3679,pertahanan
3680,pertahanan
3681,pertahanan
3682,pertahanan
3683,pertahanan
3684,pertahanan
3685,pertahanan
3686,pertahanan
3687,pertahanan
3688,pertahanan
3689,sdm
3690,pertahanan
3691,pertahanan
3692,pertahanan
3693,pertahanan
3694,pertahanan
3695,pertahanan
3696,harmoni
3697,pertahanan
3698,pertahanan
3699,pertahanan
3700,pertahanan
3701,pertahanan
3702,pertahanan
3703,pertahanan
3704,pertahanan
3705,pertahanan
3706,pertahanan
3707,pertahanan
3708,pertahanan
3709,pertahanan
3710,pertahanan
3711,pertahanan
3712,ideologi
3713,pertahanan
3714,pertahanan
3715,pertahanan
3716,pertahanan
3717,pertahanan
3718,pertahanan
3719,pertahanan
3720,pertahanan
3721,pertahanan
3722,pertahanan
3723,pertahanan
3724,pertahanan
3725,pertahanan
3726,pertahanan
3727,pertahanan
3728,pertahanan
3729,ideologi
3730,hilirisasi
3731,pertahanan
3732,pertahanan
3733,pertahanan
3734,reformasi
3735,pertahanan
3736,pertahanan
3737,pertahanan
3738,pertahanan
3739,pertahanan
3740,pertahanan
3741,pertahanan
3742,pertahanan
3743,pertahanan
3744,ideologi
3745,pertahanan
3746,pertahanan
3747,pertahanan
3748,sdm
3749,pertahanan
3750,pertahanan
3751,pertahanan
3752,pertahanan
3753,pertahanan
3754,pertahanan
3755,ideologi
3756,pertahanan
3757,pertahanan
3758,pertahanan
3759,pertahanan
3760,sdm
3761,pertahanan
3762,sdm
3763,pertahanan
3764,pertahanan
3765,pertahanan
3766,pertahanan
3767,pertahanan
3768,pertahanan
3769,pertahanan
3770,pertahanan
3771,pertahanan
3772,pemerataan
3773,hilirisasi
3774,pertahanan
3775,hilirisasi
3776,hilirisasi
3777,pertahanan
3778,pertahanan
3779,hilirisasi
3780,hilirisasi
3781,hilirisasi
3782,pertahanan
3783,hilirisasi
3784,pemerataan
3785,hilirisasi
3786,hilirisasi
3787,pemerataan
3788,hilirisasi
3789,pertahanan
3790,hilirisasi
3791,pemerataan
3792,pemerataan
3793,hilirisasi
3794,pekerjaan
3795,pertahanan
3796,pertahanan
3797,pertahanan
3798,pertahanan
3799,pertahanan
3800,pertahanan
3801,pertahanan
3802,pertahanan
3803,pertahanan
3804,sdm
3805,pertahanan
3806,pertahanan
3807,pertahanan
3808,pertahanan
3809,pertahanan
3810,pertahanan
3811,pertahanan
3812,pertahanan
3813,pertahanan
3814,pertahanan
3815,pertahanan
3816,pertahanan
3817,pertahanan
3818,pertahanan
3819,pertahanan
3820,pertahanan
3821,pertahanan
3822,pertahanan
3823,pertahanan
3824,pertahanan
3825,pertahanan
3826,pertahanan
3827,pertahanan
3828,pertahanan
3829,pertahanan
3830,pertahanan
3831,pertahanan
3832,pertahanan
3833,pertahanan
3834,pertahanan
3835,pertahanan
3836,pertahanan
3837,pertahanan
3838,pertahanan
3839,pertahanan
3840,pertahanan
3841,pertahanan
3842,pertahanan
3843,pertahanan
3844,pertahanan
3845,pertahanan
3846,pertahanan
3847,pertahanan
3848,pertahanan
3849,pertahanan
3850,pertahanan
3851,pertahanan
3852,pertahanan
3853,pertahanan
3854,pertahanan
3855,pertahanan
3856,pertahanan
3857,pertahanan
3858,pertahanan
3859,pertahanan
3860,pertahanan
3861,pertahanan
3862,pertahanan
3863,pertahanan
3864,pertahanan
3865,pertahanan
3866,pertahanan
3867,pertahanan
3868,pertahanan
3869,pertahanan
3870,pertahanan
3871,pertahanan
3872,pertahanan
3873,pertahanan
3874,pertahanan
3875,pertahanan
3876,pertahanan
3877,pertahanan
3878,pertahanan
3879,pertahanan
3880,pertahanan
3881,pertahanan
3882,pertahanan
3883,pertahanan
3884,pertahanan
3885,pertahanan
3886,pertahanan
3887,hilirisasi
3888,pertahanan
3889,pertahanan
3890,pertahanan
3891,sdm
3892,pertahanan
3893,pertahanan
3894,pertahanan
3895,pertahanan
3896,pekerjaan
3897,ideologi
3898,reformasi
3899,pertahanan
3900,hilirisasi
3901,pemerataan
3902,hilirisasi
3903,pertahanan
3904,pertahanan
3905,pertahanan
3906,harmoni
3907,pertahanan
3908,pertahanan
3909,ideologi
3910,pertahanan
3911,hilirisasi
3912,pemerataan
3913,pertahanan
3914,pertahanan
3915,pertahanan
3916,pertahanan
3917,pertahanan
3918,sdm
3919,sdm
3920,sdm
3921,reformasi
3922,pekerjaan
3923,sdm
3924,sdm
3925,pekerjaan
3926,hilirisasi
3927,sdm
3928,pertahanan
3929,pertahanan
3930,pertahanan
3931,pekerjaan
3932,sdm
3933,pekerjaan
3934,pekerjaan
3935,pertahanan
3936,pertahanan
3937,sdm
3938,pemerataan
3939,pekerjaan
3940,pertahanan
3941,reformasi
3942,reformasi
3943,ideologi
3944,reformasi
3945,reformasi
3946,pemerataan
3947,reformasi
3948,ideologi
3949,pemerataan
3950,reformasi
3951,reformasi
3952,reformasi
3953,sdm
3954,reformasi
3955,pemerataan
3956,reformasi
3957,reformasi
3958,reformasi
3959,harmoni
3960,ideologi
3961,pertahanan
3962,reformasi
3963,ideologi
3964,harmoni
3965,reformasi
3966,reformasi
3967,reformasi
3968,ideologi
3969,reformasi
3970,ideologi
3971,ideologi
3972,pekerjaan
3973,reformasi
3974,reformasi
3975,ideologi
3976,reformasi
3977,ideologi
3978,ideologi
3979,ideologi
3980,reformasi
3981,ideologi
3982,pemerataan
3983,reformasi
3984,reformasi
3985,ideologi
3986,reformasi
3987,reformasi
3988,reformasi
3989,reformasi
3990,reformasi
3991,reformasi
3992,pekerjaan
3993,ideologi
3994,reformasi
3995,reformasi
3996,reformasi
3997,ideologi
3998,reformasi
3999,reformasi
4000,reformasi
4001,pemerataan
4002,reformasi
4003,reformasi
4004,ideologi
4005,ideologi
4006,reformasi
4007,ideologi
4008,ideologi
4009,reformasi
4010,pemerataan
4011,harmoni
4012,reformasi
4013,pemerataan
4014,reformasi
4015,reformasi
4016,ideologi
4017,reformasi
4018,reformasi
4019,reformasi
4020,ideologi
4021,reformasi
4022,reformasi
4023,reformasi
4024,reformasi
4025,reformasi
4026,harmoni
4027,ideologi
4028,reformasi
4029,pemerataan
4030,reformasi
4031,reformasi
4032,reformasi
4033,reformasi
4034,ideologi
4035,reformasi
4036,reformasi
4037,pemerataan
4038,ideologi
4039,reformasi
4040,reformasi
4041,reformasi
4042,reformasi
4043,reformasi
4044,ideologi
4045,ideologi
4046,ideologi
4047,reformasi
4048,ideologi
4049,reformasi
4050,ideologi
4051,reformasi
4052,reformasi
4053,ideologi
4054,ideologi
4055,reformasi
4056,reformasi
4057,sdm
4058,ideologi
4059,harmoni
4060,reformasi
4061,reformasi
4062,ideologi
4063,reformasi
4064,harmoni
4065,reformasi
4066,pertahanan
4067,reformasi
4068,reformasi
4069,reformasi
4070,reformasi
4071,ideologi
4072,pemerataan
4073,ideologi
4074,reformasi
4075,ideologi
4076,reformasi
4077,reformasi
4078,sdm
4079,ideologi
4080,reformasi
4081,reformasi
4082,reformasi
4083,reformasi
4084,reformasi
4085,reformasi
4086,reformasi
4087,ideologi
4088,ideologi
4089,reformasi
4090,reformasi
4091,ideologi
4092,sdm
4093,reformasi
4094,reformasi
4095,ideologi
4096,reformasi
4097,reformasi
4098,reformasi
4099,ideologi
4100,ideologi
4101,reformasi
4102,reformasi
4103,reformasi
4104,ideologi
4105,reformasi
4106,ideologi
4107,reformasi
4108,ideologi
4109,harmoni
4110,reformasi
4111,harmoni
4112,reformasi
4113,ideologi
4114,ideologi
4115,ideologi
4116,reformasi
4117,ideologi
4118,reformasi
4119,reformasi
4120,reformasi
4121,reformasi
4122,ideologi
4123,reformasi
4124,ideologi
4125,reformasi
4126,ideologi
4127,harmoni
4128,ideologi
4129,reformasi
4130,ideologi
4131,reformasi
4132,ideologi
4133,reformasi
4134,reformasi
4135,reformasi
4136,reformasi
4137,reformasi
4138,reformasi
4139,ideologi
4140,reformasi
4141,ideologi
4142,ideologi
4143,ideologi
4144,reformasi
4145,ideologi
4146,ideologi
4147,hilirisasi
4148,reformasi
4149,reformasi
4150,ideologi
4151,ideologi
4152,reformasi
4153,reformasi
4154,sdm
4155,reformasi
4156,ideologi
4157,reformasi
4158,reformasi
4159,reformasi
4160,reformasi
4161,reformasi
4162,reformasi
4163,reformasi
4164,reformasi
4165,reformasi
4166,reformasi
4167,reformasi
4168,ideologi
4169,reformasi
4170,reformasi
4171,ideologi
4172,ideologi
4173,reformasi
4174,reformasi
4175,reformasi
4176,reformasi
4177,reformasi
4178,reformasi
4179,reformasi
4180,reformasi
4181,reformasi
4182,reformasi
4183,reformasi
4184,ideologi
4185,reformasi
4186,reformasi
4187,ideologi
4188,ideologi
4189,reformasi
4190,reformasi
4191,reformasi
4192,reformasi
4193,reformasi
4194,reformasi
4195,reformasi
4196,reformasi
4197,reformasi
4198,ideologi
4199,reformasi
4200,reformasi
4201,reformasi
4202,ideologi
4203,ideologi
4204,reformasi
4205,pemerataan
4206,ideologi
4207,ideologi
4208,ideologi
4209,reformasi
4210,ideologi
4211,ideologi
4212,ideologi
4213,ideologi
4214,ideologi
4215,reformasi
4216,reformasi
4217,ideologi
4218,ideologi
4219,ideologi
4220,ideologi
4221,ideologi
4222,harmoni
4223,ideologi
4224,reformasi
4225,ideologi
4226,ideologi
4227,ideologi
4228,ideologi
4229,reformasi
4230,ideologi
4231,reformasi
4232,reformasi
4233,ideologi
4234,reformasi
4235,reformasi
4236,reformasi
4237,ideologi
4238,pekerjaan
4239,ideologi
4240,reformasi
4241,ideologi
4242,reformasi
4243,reformasi
4244,reformasi
4245,ideologi
4246,reformasi
4247,ideologi
4248,reformasi
4249,reformasi
4250,reformasi
4251,ideologi
4252,ideologi
4253,ideologi
4254,reformasi
4255,reformasi
4256,reformasi
4257,reformasi
4258,ideologi
4259,reformasi
4260,ideologi
4261,reformasi
4262,reformasi
4263,ideologi
4264,reformasi
4265,reformasi
4266,reformasi
4267,reformasi
4268,reformasi
4269,reformasi
4270,ideologi
4271,ideologi
4272,ideologi
4273,reformasi
4274,reformasi
4275,ideologi
4276,reformasi
4277,ideologi
4278,ideologi
4279,ideologi
4280,ideologi
4281,harmoni
4282,ideologi
4283,ideologi
4284,reformasi
4285,ideologi
4286,harmoni
4287,reformasi
4288,reformasi
4289,reformasi
4290,reformasi
4291,ideologi
4292,ideologi
4293,reformasi
4294,reformasi
4295,ideologi
4296,reformasi
4297,reformasi
4298,reformasi
4299,ideologi
4300,ideologi
4301,ideologi
4302,ideologi
4303,reformasi
4304,harmoni
4305,reformasi
4306,ideologi
4307,reformasi
4308,reformasi
4309,ideologi
4310,reformasi
4311,reformasi
4312,reformasi
4313,ideologi
4314,reformasi
4315,reformasi
4316,hilirisasi
4317,hilirisasi
4318,reformasi
4319,hilirisasi
4320,hilirisasi
4321,pemerataan
4322,hilirisasi
4323,hilirisasi
4324,hilirisasi
4325,hilirisasi
4326,ideologi
4327,pertahanan
4328,hilirisasi
4329,hilirisasi
4330,harmoni
4331,hilirisasi
4332,reformasi
4333,pertahanan
4334,hilirisasi
4335,pertahanan
4336,hilirisasi
4337,reformasi
4338,hilirisasi
4339,pertahanan
4340,hilirisasi
4341,pekerjaan
4342,ideologi
4343,hilirisasi
4344,pekerjaan
4345,hilirisasi
4346,reformasi
4347,reformasi
4348,pertahanan
4349,pekerjaan
4350,pemerataan
4351,hilirisasi
4352,hilirisasi
4353,hilirisasi
4354,hilirisasi
4355,pemerataan
4356,pekerjaan
4357,pertahanan
4358,hilirisasi
4359,pekerjaan
4360,hilirisasi
4361,pertahanan
4362,pemerataan
4363,harmoni
4364,hilirisasi
4365,hilirisasi
4366,pemerataan
4367,hilirisasi
4368,hilirisasi
4369,pekerjaan
4370,hilirisasi
4371,hilirisasi
4372,pertahanan
4373,pertahanan
4374,hilirisasi
4375,hilirisasi
4376,hilirisasi
4377,hilirisasi
4378,pekerjaan
4379,hilirisasi
4380,hilirisasi
4381,pertahanan
4382,pemerataan
4383,hilirisasi
4384,hilirisasi
4385,hilirisasi
4386,hilirisasi
4387,hilirisasi
4388,hilirisasi
4389,hilirisasi
4390,hilirisasi
4391,pemerataan
4392,pertahanan
4393,hilirisasi
4394,hilirisasi
4395,reformasi
4396,hilirisasi
4397,hilirisasi
4398,pemerataan
4399,pertahanan
4400,reformasi
4401,pertahanan
4402,sdm
4403,hilirisasi
4404,hilirisasi
4405,pertahanan
4406,hilirisasi
4407,hilirisasi
4408,hilirisasi
4409,reformasi
4410,ideologi
4411,pertahanan
4412,hilirisasi
4413,hilirisasi
4414,hilirisasi
4415,hilirisasi
4416,hilirisasi
4417,hilirisasi
4418,reformasi
4419,pertahanan
4420,reformasi
4421,reformasi
4422,hilirisasi
4423,hilirisasi
4424,hilirisasi
4425,pertahanan
4426,hilirisasi
4427,reformasi
4428,pertahanan
4429,hilirisasi
4430,hilirisasi
4431,hilirisasi
4432,pertahanan
4433,hilirisasi
4434,hilirisasi
4435,hilirisasi
4436,hilirisasi
4437,hilirisasi
4438,hilirisasi
4439,hilirisasi
4440,reformasi
4441,hilirisasi
4442,reformasi
4443,hilirisasi
4444,reformasi
4445,reformasi
4446,sdm
4447,hilirisasi
4448,reformasi
4449,pertahanan
4450,reformasi
4451,hilirisasi
4452,pertahanan
4453,pemerataan
4454,hilirisasi
4455,hilirisasi
4456,hilirisasi
4457,pertahanan
4458,hilirisasi
4459,reformasi
4460,ideologi
4461,reformasi
4462,pertahanan
4463,reformasi
4464,pertahanan
4465,pertahanan
4466,hilirisasi
4467,hilirisasi
4468,hilirisasi
4469,pertahanan
4470,reformasi
4471,pertahanan
4472,reformasi
4473,pertahanan
4474,pertahanan
4475,pertahanan
4476,hilirisasi
4477,pertahanan
4478,pertahanan
4479,hilirisasi
4480,hilirisasi
4481,pertahanan
4482,pertahanan
4483,sdm
4484,hilirisasi
4485,reformasi
4486,ideologi
4487,pertahanan
4488,hilirisasi
4489,reformasi
4490,hilirisasi
4491,hilirisasi
4492,hilirisasi
4493,hilirisasi
4494,hilirisasi
4495,hilirisasi
4496,sdm
4497,reformasi
4498,pertahanan
4499,pemerataan
4500,hilirisasi
4501,pemerataan
4502,pekerjaan
4503,pertahanan
4504,pemerataan
4505,hilirisasi
4506,ideologi
4507,pemerataan
4508,ideologi
4509,hilirisasi
4510,hilirisasi
4511,hilirisasi
4512,hilirisasi
4513,hilirisasi
4514,pemerataan
4515,ideologi
4516,ideologi
4517,ideologi
4518,ideologi
4519,ideologi
4520,ideologi
4521,harmoni
4522,reformasi
4523,reformasi
4524,ideologi
4525,reformasi
4526,pertahanan
4527,ideologi
4528,reformasi
4529,ideologi
4530,ideologi
4531,ideologi
4532,ideologi
4533,reformasi
4534,ideologi
4535,ideologi
4536,ideologi
4537,ideologi
4538,ideologi
4539,sdm
4540,ideologi
4541,ideologi
4542,ideologi
4543,ideologi
4544,ideologi
4545,ideologi
4546,ideologi
4547,ideologi
4548,ideologi
4549,ideologi
4550,ideologi
4551,pemerataan
4552,ideologi
4553,ideologi
4554,harmoni
4555,ideologi
4556,ideologi
4557,ideologi
4558,ideologi
4559,ideologi
4560,ideologi
4561,hilirisasi
4562,ideologi
4563,ideologi
4564,ideologi
4565,harmoni
4566,harmoni
4567,ideologi
4568,ideologi
4569,harmoni
4570,ideologi
4571,ideologi
4572,sdm
4573,ideologi
4574,ideologi
4575,ideologi
4576,ideologi
4577,sdm
4578,ideologi
4579,ideologi
4580,ideologi
4581,ideologi
4582,ideologi
4583,ideologi
4584,ideologi
4585,ideologi
4586,harmoni
4587,ideologi
4588,ideologi
4589,hilirisasi
4590,ideologi
4591,ideologi
4592,ideologi
4593,pertahanan
4594,ideologi
4595,ideologi
4596,ideologi
4597,ideologi
4598,ideologi
4599,harmoni
4600,sdm
4601,ideologi
4602,pemerataan
4603,ideologi
4604,pertahanan
4605,ideologi
4606,ideologi
4607,ideologi
4608,ideologi
4609,ideologi
4610,pertahanan
4611,ideologi
4612,reformasi
4613,ideologi
4614,reformasi
4615,harmoni
4616,ideologi
4617,ideologi
4618,ideologi
4619,ideologi
4620,ideologi
4621,ideologi
4622,reformasi
4623,ideologi
4624,reformasi
4625,harmoni
4626,sdm
4627,pekerjaan
4628,ideologi
4629,ideologi
4630,reformasi
4631,reformasi
4632,ideologi
4633,ideologi
4634,reformasi
4635,ideologi
4636,ideologi
4637,ideologi
4638,reformasi
4639,reformasi
4640,reformasi
4641,reformasi
4642,sdm
4643,sdm
4644,ideologi
4645,ideologi
4646,pemerataan
4647,reformasi
4648,ideologi
4649,ideologi
4650,ideologi
4651,ideologi
4652,ideologi
4653,sdm
4654,ideologi
4655,pemerataan
4656,ideologi
4657,ideologi
4658,ideologi
4659,pertahanan
4660,reformasi
4661,ideologi
4662,ideologi
4663,ideologi
4664,ideologi
4665,ideologi
4666,ideologi
4667,ideologi
4668,ideologi
4669,reformasi
4670,ideologi
4671,reformasi
4672,ideologi
4673,ideologi
4674,ideologi
4675,ideologi
4676,reformasi
4677,harmoni
4678,reformasi
4679,ideologi
4680,reformasi
4681,sdm
4682,reformasi
4683,ideologi
4684,ideologi
4685,ideologi
4686,reformasi
4687,pekerjaan
4688,ideologi
4689,ideologi
4690,reformasi
4691,ideologi
4692,reformasi
4693,ideologi
4694,hilirisasi
4695,ideologi
4696,ideologi
4697,ideologi
4698,reformasi
4699,ideologi
4700,ideologi
4701,harmoni
4702,ideologi
4703,ideologi
4704,pemerataan
4705,reformasi
4706,reformasi
4707,ideologi
4708,ideologi
4709,ideologi
4710,ideologi
4711,ideologi
4712,reformasi
4713,ideologi
4714,ideologi
4715,reformasi
4716,ideologi
4717,ideologi
4718,pertahanan
4719,ideologi
4720,ideologi
4721,ideologi
4722,ideologi
4723,reformasi
4724,ideologi
4725,ideologi
4726,ideologi
4727,pemerataan
4728,reformasi
4729,reformasi
4730,ideologi
4731,ideologi
4732,ideologi
4733,ideologi
4734,ideologi
4735,ideologi
4736,sdm
4737,reformasi
4738,pertahanan
4739,ideologi
4740,ideologi
4741,pekerjaan
4742,ideologi
4743,pemerataan
4744,sdm
4745,reformasi
4746,pertahanan
4747,ideologi
4748,reformasi
4749,reformasi
4750,reformasi
4751,ideologi
4752,ideologi
4753,ideologi
4754,sdm
4755,ideologi
4756,ideologi
4757,reformasi
4758,ideologi
4759,harmoni
4760,ideologi
4761,ideologi
4762,ideologi
4763,pemerataan
4764,ideologi
4765,ideologi
4766,ideologi
4767,reformasi
4768,ideologi
4769,ideologi
4770,ideologi
4771,reformasi
4772,ideologi
4773,ideologi
4774,ideologi
4775,ideologi
4776,ideologi
4777,ideologi
4778,pemerataan
4779,reformasi
4780,ideologi
4781,ideologi
4782,ideologi
4783,ideologi
4784,ideologi
4785,ideologi
4786,sdm
4787,ideologi
4788,reformasi
4789,sdm
4790,ideologi
4791,ideologi
4792,hilirisasi
4793,ideologi
4794,ideologi
4795,ideologi
4796,ideologi
4797,sdm
4798,ideologi
4799,ideologi
4800,ideologi
4801,ideologi
4802,reformasi
4803,sdm
4804,ideologi
4805,pemerataan
4806,ideologi
4807,ideologi
4808,reformasi
4809,ideologi
4810,ideologi
4811,ideologi
4812,ideologi
4813,ideologi
4814,ideologi
4815,reformasi
4816,ideologi
4817,ideologi
4818,ideologi
4819,ideologi
4820,ideologi
4821,ideologi
4822,pemerataan
4823,reformasi
4824,pekerjaan
4825,ideologi
4826,ideologi
4827,ideologi
4828,ideologi
4829,hilirisasi
4830,reformasi
4831,pekerjaan
4832,pekerjaan
4833,pemerataan
4834,pekerjaan
4835,pekerjaan
4836,pekerjaan
4837,pekerjaan
4838,pekerjaan
4839,pemerataan
4840,hilirisasi
4841,pekerjaan
4842,pekerjaan
4843,reformasi
4844,pekerjaan
4845,reformasi
4846,pekerjaan
4847,reformasi
4848,pekerjaan
4849,hilirisasi
4850,hilirisasi
4851,pekerjaan
4852,pekerjaan
4853,reformasi
4854,sdm
4855,pemerataan
4856,pekerjaan
4857,pekerjaan
4858,pekerjaan
4859,pekerjaan
4860,pekerjaan
4861,pekerjaan
4862,pekerjaan
4863,reformasi
4864,sdm
4865,pekerjaan
4866,pekerjaan
4867,sdm
4868,reformasi
4869,pekerjaan
4870,pekerjaan
4871,pemerataan
4872,pekerjaan
4873,pekerjaan
4874,pekerjaan
4875,reformasi
4876,pekerjaan
4877,pemerataan
4878,pemerataan
4879,pemerataan
4880,sdm
4881,pekerjaan
4882,sdm
4883,pekerjaan
4884,pekerjaan
4885,pekerjaan
4886,pekerjaan
4887,pekerjaan
4888,reformasi
4889,pekerjaan
4890,pemerataan
4891,reformasi
4892,pemerataan
4893,pekerjaan
4894,pekerjaan
4895,hilirisasi
4896,harmoni
4897,harmoni
4898,reformasi
4899,pekerjaan
4900,pekerjaan
4901,pekerjaan
4902,reformasi
4903,pekerjaan
4904,sdm
4905,pekerjaan
4906,hilirisasi
4907,hilirisasi
4908,pekerjaan
4909,pekerjaan
4910,hilirisasi
4911,pekerjaan
4912,hilirisasi
4913,pekerjaan
4914,ideologi
4915,reformasi
4916,sdm
4917,hilirisasi
4918,pekerjaan
4919,pemerataan
4920,pekerjaan
4921,pekerjaan
4922,pemerataan
4923,sdm
4924,hilirisasi
4925,pekerjaan
4926,hilirisasi
4927,reformasi
4928,hilirisasi
4929,hilirisasi
4930,pekerjaan
4931,pekerjaan
4932,reformasi
4933,reformasi
4934,hilirisasi
4935,pekerjaan
4936,reformasi
4937,hilirisasi
4938,hilirisasi
4939,reformasi
4940,pekerjaan
4941,pekerjaan
4942,sdm
4943,pekerjaan
4944,pemerataan
4945,hilirisasi
4946,reformasi
4947,pekerjaan
4948,reformasi
4949,pekerjaan
4950,reformasi
4951,pekerjaan
4952,sdm
4953,pekerjaan
4954,pemerataan
4955,ideologi
4956,pekerjaan
4957,pemerataan
4958,sdm
4959,pekerjaan
4960,hilirisasi
4961,hilirisasi
4962,pemerataan
4963,pemerataan
4964,sdm
4965,hilirisasi
4966,pekerjaan
4967,hilirisasi
4968,pekerjaan
4969,pekerjaan
4970,hilirisasi
4971,hilirisasi
4972,ideologi
4973,hilirisasi
4974,hilirisasi
4975,pemerataan
4976,reformasi
4977,reformasi
4978,reformasi
4979,pekerjaan
4980,hilirisasi
4981,hilirisasi
4982,reformasi
4983,pemerataan
4984,pertahanan
4985,pemerataan
4986,hilirisasi
4987,hilirisasi
4988,pekerjaan
4989,hilirisasi
4990,hilirisasi
4991,pekerjaan
4992,hilirisasi
4993,pekerjaan
4994,pekerjaan
4995,ideologi
4996,reformasi
4997,hilirisasi
4998,sdm
4999,hilirisasi
